{"FlatSurfaceArea": 0.6011904411861906, "TotalArea": 9.288960399717325}