{"FlatSurfaceArea": 1.1112951730465284, "TotalArea": 9.381838712841272}