{"FlatSurfaceArea": 0.30257151639671065, "TotalArea": 5.806790579779772}