{"FlatSurfaceArea": 0.5861763662105659, "TotalArea": 10.448312453838298}