{"FlatSurfaceArea": 0.08056640625, "TotalArea": 4.009798560466152}