{"FlatSurfaceArea": 0.4383190681984104, "TotalArea": 17.74684375985825}