{"FlatSurfaceArea": 0.27228413789271144, "TotalArea": 7.177209264300473}