{"FlatSurfaceArea": 0.00048828125, "TotalArea": 4.009896725765429}