{"FlatSurfaceArea": 0.12440990321920253, "TotalArea": 5.4518194403499365}