{"FlatSurfaceArea": 0.9475223797198851, "TotalArea": 10.1432761660908}