{"FlatSurfaceArea": 0.25500065290543716, "TotalArea": 4.73667307550204}