{"FlatSurfaceArea": 0.7803148692109971, "TotalArea": 8.848716037109625}